3783-6763-9147-5514	
6594-5688-9754-9625	
8836-5994-2628-3913	
1141-3312-6761-2400	
8078-6106-8926-6036	
3459-4269-2883-8530	
7460-9897-5798-7270	
4788-2086-2717-7857	
5343-4097-7145-8310	
4594-6075-9227-6456	
7445-5178-4739-3504	
8862-8390-4775-5407	
6472-9769-2311-9742	
5502-6896-3464-6174	
3540-3663-4083-1752	
8957-6377-2413-7034	
2090-1809-9585-7316	
1668-6791-9702-5295	
4205-9043-1210-7486	
8864-4720-6899-5118	
2659-2408-6931-8756	
1895-7328-7510-3440	
6712-1343-8475-4511	
3961-4145-6922-4276	
3926-9623-1535-5878	
6130-5381-5062-4773	
3534-9397-5593-8140	
2105-3809-2617-4988	
6413-2627-2170-1915	
5084-3715-4295-5245	
2600-1885-7779-3004	
7268-2424-2130-7297	
5421-5789-6193-2662	
3548-2155-7968-1421	
2960-9509-8226-5410	
9057-8121-8644-1742	
6342-2163-3372-5081	
2721-5065-9710-3015	
1905-7648-4998-1692	
6532-3060-8078-7089	
5802-3571-2357-2861	
6113-4597-5237-6135	
4974-8982-2462-5389	
6515-4652-2250-6993	
8966-5086-4620-4645	
2404-2812-7063-5816	
3219-8948-6997-8836	
8849-4348-7724-9778	
1073-8342-2376-4518	
1386-4248-8276-8893	
8281-8702-6975-6571	
2617-6759-4593-1454	
4360-1873-8322-3875	
5345-4917-8357-9009	
8797-9338-5457-8736	
6232-5101-6392-3704	
5250-8815-9865-3257	
7150-1917-4429-6575	
9691-5564-6915-4329	
7953-2405-2286-2657	
2129-8544-1907-3908	
5843-9359-5945-2055	
2422-9771-4591-2580	
9782-5444-6368-1974	
5407-6575-7081-6960	
7487-4316-4512-3007	
4574-9594-8139-8704	
8765-9770-3106-8352	
8211-1034-4579-5311	
5500-5850-6223-2297	
1895-4362-5529-2663	
7669-5064-7616-6759	
9240-2297-5358-9240	
1891-6761-3245-9047	
8872-1383-3694-7496	
8517-7925-4375-9085	
5091-1612-5475-3413	
3613-2838-1639-7872	
8686-2969-2672-3300	
5007-7661-8103-6820	
7387-3477-6718-8740	
2809-3679-9108-8149	
2304-8965-3178-7826	
5567-5836-4739-9582	
8875-7176-2167-9984	
1072-3833-2464-5862	
3537-9876-6448-4729	
8313-9920-4044-7984	
7643-9867-4842-8599	
4928-6183-5705-5646	
4811-3101-5082-1061	
9891-3208-8577-6122	
1196-5494-2932-6275	
7501-1106-1855-2299	
9579-9262-3871-6848	
8756-8632-1110-2573	
3623-6899-6368-7982	
4885-4445-1325-2878	
7508-7911-4695-2196	
4102-9720-1291-3268	
3858-6256-6206-6096	
3201-2643-8195-4204	
9090-2559-5448-3762	
7782-5796-2614-4791	
7008-5990-2199-9506	
3168-7550-5000-8694	
7197-9797-3510-6684	
3170-1851-9279-9970	
1643-8074-5292-3693	
9012-5440-1972-7364	
8316-7821-5997-1049	
6543-6166-9605-2216	
4522-5123-2458-8346	
4890-5021-5524-7414	
3984-4579-3049-8486	
4840-6194-7909-4607	
2330-5945-8346-5857	
9673-7845-4543-4432	
6473-7472-8578-3791	
6222-3228-5134-9021	
3235-9641-1225-4537	
1147-3732-1941-8299	
2814-1737-4022-2574	
1180-9134-1335-2353	
8917-6340-7781-4108	
7548-3680-2870-2534	
5113-9531-8218-3654	
4264-1967-8414-6553	
2601-9674-4610-1779	
3779-8976-1374-8671	
1040-4175-9559-1560	
7380-5139-9872-7974	
7197-6363-6655-3691	
1197-4958-8731-2164	
2357-6210-3710-9778	
9758-1281-2453-8865	
4648-9788-9170-2326	
9821-8424-1187-2199	
6720-5385-3268-5372	
7501-9036-3512-3212	
9138-6319-5156-1990	
1751-1801-6727-6951	
7415-2408-8550-1680	
3997-7170-2075-7719	
7174-4298-8747-3459	
6355-5298-1877-4666	
1056-6132-6581-7733	
8376-6616-6576-8430	
5829-5306-2507-8052	
3001-8156-7009-1951	
7362-7796-5990-7774	
8017-1797-6216-9588	
2688-3713-3276-9825	
8720-2386-3752-6393	
4240-1856-9326-9370	
1755-5304-2394-3537	
1669-6076-8576-3889	
4582-1855-4416-4044	
5203-9558-8888-7910	
8167-4193-3133-6855	
3081-1567-2525-8042	
4836-7862-3936-6572	
5591-5525-6544-2645	
7827-9154-6642-8604	
3649-4164-3695-9538	
2230-5187-9980-9195	
8962-2416-2831-9737	
2674-2982-1691-7988	
2328-1703-9463-2820	
5862-7214-3979-5530	
7698-3353-7635-8349	
4446-3827-4313-1119	
3819-9520-6354-8518	
5182-1447-4651-2176	
1627-4653-3452-1783	
1138-1306-6148-4517	
1606-3527-8334-9845	
4634-5187-3925-3184	
5236-9051-6716-4017	
5220-2843-8298-8651	
7798-2634-6788-2550	
9816-5699-9707-2065	
2247-6690-3554-9037	
1541-9785-9086-4962	
6693-8138-9495-6198	
2761-5175-8304-6979	
3211-9275-9409-6753	
9534-6036-3260-3618	
7716-5004-4989-2013	
5070-8503-3260-9143	
4573-5444-4956-9108	
9853-7653-8916-5931	
9423-1207-7457-8228	
5532-8663-2364-8562	
7675-5280-6523-4614	
9842-9847-9970-8271	
4876-8768-6421-4749	
3835-6638-7328-8545	
2326-9473-6739-9078	
2139-5832-2177-9559	
7070-5295-7860-4427	
4645-8919-9496-7002	
5778-3415-6609-2575	
3402-3592-2579-2632	
9661-7769-8519-6047	
3211-6750-7199-9221	
7378-8958-3308-3597	
5159-7731-2074-3312	
5089-5867-1532-7193	
4506-6182-2254-8470	
6690-2392-6841-9678	
9289-7030-7229-8586	
7099-3337-1451-7420	
8262-6229-8653-6959	
7221-5504-1614-9330	
4662-7839-8394-8060	
5853-7006-8037-2407	
3019-6226-2946-7922	
7539-9765-7956-4795	
1329-6100-2820-7315	
9832-2468-8433-2948	
9415-3512-1378-8416	
9149-5311-1459-6520	
4990-2389-2795-7888	
8865-7987-4693-2717	
1924-9477-4332-9718	
1524-5517-8238-2984	
5324-4161-7161-9927	
5378-8083-4896-5570	
6198-6157-7615-7018	
5852-8964-5580-1689	
9587-3432-8423-3072	
2897-2594-3600-4860	
8652-2036-5014-1059	
4114-3246-4183-1377	
8707-1614-8058-9258	
6731-7213-7391-5711	
9600-9120-7997-4196	
7511-2222-3361-6799	
3936-7056-6740-3667	
2647-2159-5333-9810	
7431-5459-7449-4590	
4357-8687-8240-1093	
3057-6142-5880-8582	
7696-1428-8927-4069	
3369-8926-2340-6582	
9804-6022-3946-8806	
9158-3086-8283-9771	
4229-8498-7776-5444	
5343-1833-4427-7740	
5230-8793-9092-2519	
5588-5286-8036-3554	
7603-6051-1829-5265	
8759-6749-8821-9313	
5824-7101-2639-2967	
7867-8178-4965-7564	
8424-2587-3201-6743	
7682-8398-1897-2832	
6960-2513-7628-7696	
6065-7399-1910-6489	
5775-9744-3420-3660	
5108-5900-9280-5317	
7797-8309-8207-8096	
8462-1854-1009-3760	
7845-6862-7097-3303	
2066-5824-7719-9231	
4848-8470-6690-6945	
5791-6804-2156-6759	
1782-6244-3164-5983	
7659-5178-4659-7144	
9916-5653-8877-5386	
9366-3864-1809-6919	
6423-5833-4245-6425	
7033-5078-1877-7615	
4013-1992-2063-9326	
9329-7485-1784-7352	
9565-3089-5619-3651	
8903-5484-7203-2512	
8564-5302-2223-4120	
9595-6928-3065-9028	
6348-7872-8128-2654	
7801-4526-1800-8993	
9216-5509-9185-9856	
5810-5343-2556-7435	
4741-4802-9110-8959	
1217-9555-2346-4151	
1317-3667-2675-1476	
8241-8118-4219-6413	
1156-6463-5352-7274	
9494-7931-4095-2873	
2293-3090-7473-5707	
9816-8810-6167-3563	
6249-3590-7788-1444	
3605-9819-9575-3615	
1811-6200-5384-9429	
6301-5357-8883-5004	
5937-7189-7407-3744	
6737-5422-4334-4704	
6214-4082-6837-1626	
4010-4761-3846-3830	
6054-4506-8193-6079	
9955-7830-5116-8498	
5311-8427-5409-9702	
8738-5228-3251-3010	
1042-9073-7245-6192	
1006-4198-4631-2308	
9313-1110-5441-1318	
9817-2266-6957-5087	
6740-2782-3871-8939	
7559-5554-9941-6594	
2970-7415-1058-5628	
8232-8082-7800-4121	
5891-6143-6762-9362	
3449-7816-8810-4401	
8356-8499-8177-9411	
1357-1648-5341-6982	
2858-6802-1849-7328	
8408-1833-9079-1831	
8737-1331-9705-5019	
7529-3927-2858-1912	
3101-8857-9099-6025	
4767-1032-9946-1143	
1411-9358-8021-7347	
5614-7774-3352-9422	
8744-3781-6215-5899	
7072-6923-1302-9541	
5637-7744-4449-2971	
5954-9344-8342-5621	
9880-7003-5254-3176	
8597-4056-4204-1169	
1936-4446-6390-1431	
6332-7195-7050-8535	
5856-6130-6533-8555	
7523-9872-7117-6442	
7398-8477-3891-7419	
7451-2644-5305-3491	
2737-1231-3833-9983	
5584-2922-6792-6507	
1330-7113-6664-6105	
4848-4131-5448-9615	
6456-6138-3601-7599	
8530-6083-1107-8393	
2601-2591-9662-4299	
9591-7391-8074-2394	
8153-7808-5894-8500	
6895-4167-4941-6198	
3971-6609-6061-8414	
8094-5242-1894-5314	
8656-7354-8115-2964	
2994-8706-9706-7932	
3267-7342-8650-7233	
2697-8995-7015-2524	
8783-6620-8991-1345	
4714-6296-8258-1797	
3378-5825-3296-8536	
8623-6623-3535-8189	
1901-7602-1243-5647	
9296-5695-7229-6139	
6592-7607-5664-3968	
7271-1147-5747-5734	
3155-6505-9195-6928	
7038-1429-7913-5388	
3206-7854-8640-8834	
6408-1538-6347-9348	
8544-5095-6472-4290	
2731-1251-9029-9839	
1931-6389-8192-9157	
4141-8549-7774-6220	
7050-4673-9627-3228	
6273-2894-4813-9829	
3767-7104-4858-2222	
9207-5478-7222-2617	
6860-9147-5844-1595	
5241-8615-7794-1694	
3950-9278-3810-3099	
6820-7680-6749-3388	
8119-2499-6538-1378	
1918-8833-7306-8316	
5270-7164-9619-3804	
4538-3855-1145-9093	
2732-1330-2552-6267	
2863-4693-6108-7089	
4948-9437-7764-2204	
5263-6331-5200-4283	
7130-4995-4739-6177	
8824-5474-8190-3130	
3865-8957-1496-7018	
6968-9021-9702-3444	
4574-8113-9319-8887	
4571-8640-7177-6073	
5124-2720-7649-2137	
1218-9439-1705-2378	
6641-8918-2160-8215	
8800-2278-5341-4085	
1243-5019-9345-2276	
2909-5335-7950-2901	
6915-3065-6898-1436	
6793-3082-3358-1787	
2561-7069-8166-1084	
2563-6273-6493-1301	
1040-5410-3725-5873	
3915-7789-7581-5248	
9236-7680-4339-2526	
7226-9473-2315-2950	
3244-2864-8458-3489	
6197-8582-6295-5333	
8438-1451-6836-4889	
5144-2887-4177-7899	
3618-3234-9992-9651	
4200-6552-2604-4381	
1831-6634-1789-5517	
7763-4669-1738-9680	
9940-3926-3973-4533	
1579-5982-2634-9193	
6604-2397-5240-8121	
2151-2639-4840-8423	
4897-8810-1803-1107	
7270-9554-6841-3764	
8707-2008-7157-2023	
7074-2990-1961-6182	
1918-3872-9856-7666	
9632-1884-8143-6119	
2702-9728-5501-7808	
2893-5919-8293-2372	
4688-4915-3511-8012	
9310-1147-8474-2091	
4231-9109-7649-5361	
9754-3817-2448-8015	
7862-4813-4848-6420	
2757-5384-4882-7034	
1462-3569-7928-9984	
1993-2104-7840-8317	
8516-2426-5424-7596	
7070-1738-4560-5280	
2971-8989-7463-8351	
5550-1624-4065-7744	
4165-6318-2911-2489	
4270-7675-4097-8386	
1920-9760-6408-6705	
2925-5497-2547-3089	
1164-9857-4227-6337	
6214-4540-2985-8412	
8824-2963-7701-5287	
6648-1614-1509-3082	
6092-4066-9040-3714	
4481-2135-2372-8591	
6040-4053-5423-1487	
7812-3891-2459-6745	
1088-4442-2516-9962	
7085-5821-6599-8929	
3912-5035-5780-4673	
6146-1026-5712-6240	
3041-9128-1873-3879	
3400-6691-1967-1584	
2652-2895-8780-3029	
5636-7362-9712-4997	
2706-3339-1419-2738	
9099-8199-3072-6339	
8039-5248-5247-6060	
7613-8320-9468-3203	
4949-5760-1952-4868	
7331-1918-2628-3053	
6024-7564-8897-9969	
3346-2177-3914-9247	
9017-9896-5485-7495	
2134-7281-2897-8794	
5042-5935-4898-3159	
8466-3366-4538-6046	
6515-9235-7872-9809	
8631-5008-3658-3870	
9794-5343-5486-3395	
4707-6316-2680-2385	
6847-1858-3074-9597	
1164-5960-4341-3762	
2781-5918-5779-8800	
7488-5004-2238-6752	
8998-3961-8255-1932	
7442-5089-4419-9183	
7625-3990-9336-5511	
1766-7261-3616-5366	
1069-9017-5514-4318	
5369-8621-8571-8500	
3899-2529-5450-6780	
8768-3224-3112-4293	
6898-8666-4016-3447	
9527-6403-2713-1833	
9633-2274-8598-3293	
3874-4672-4071-7005	
7447-8749-8524-4964	
6369-9605-8971-8356	
3213-1051-4481-5015	
2908-5975-7209-3921	
2591-8999-8513-5905	
7131-2674-2887-7807	
3420-6496-6592-3258	
3245-8098-3612-1580	
9333-6025-1310-9355	
7998-4045-8011-2512	
7380-8044-1354-8199	
4460-7817-9918-9710	
9931-8463-9244-7197	
6745-2202-8948-8274	
7390-7777-6425-7619	
2535-6474-8560-3349	
1800-9128-4467-3511	
8069-5758-5310-3129	
5411-8953-3101-4910	
7942-9109-4616-6051	
8094-7473-1090-7365	
5519-2396-7917-9403	
4838-5297-9497-5092	
3209-3554-6807-7669	
1797-6786-6275-9095	
1976-2968-7506-6732	
9158-3567-8051-2013	
8531-4855-2230-1610	
8528-3310-9566-9620	
9695-2740-6534-2621	
6277-4907-8332-4364	
8079-2826-1233-1132	
4033-1757-8735-3591	
2980-9170-9824-7342	
6030-6850-6225-6062	
1283-5700-4788-4777	
6782-2963-9357-7214	
1400-3498-8862-2520	
9737-1543-9694-2187	
6474-4458-9947-7198	
1220-6224-1532-7406	
1160-2431-9142-1877	
4904-3685-5831-4912	
6848-8440-7592-1741	
4427-5674-6939-1822	
4595-9078-1572-2531	
6608-8868-9620-6985	
7362-7545-7585-6201	
4449-8072-5466-7261	
8018-6003-8120-2147	
6481-3209-8750-7253	
4242-9503-1417-4928	
7904-3993-6184-4595	
2404-1386-3275-2923	
9409-1375-3100-5083	
1694-8393-8254-1393	
1993-7950-2958-3791	
6566-3976-8885-8882	
4269-7948-8518-5372	
3025-5505-1021-2956	
1534-3063-1724-9285	
4934-9565-6626-4868	
8905-9546-3093-2860	
5072-4353-2925-7131	
8836-6475-6193-1190	
4844-2135-2126-6465	
1096-5355-7763-7960	
5030-6839-4417-8501	
2197-5078-9122-2010	
1768-6858-4735-6628	
1047-1386-8775-3000	
4090-3742-1645-5085	
5833-5700-2530-2199	
5004-7196-1815-1869	
7494-6504-6557-7991	
5762-8749-1773-6987	
5324-3910-8209-9975	
3830-9068-5774-7958	
7610-3942-4171-3696	
9613-5601-1682-9009	
9011-5662-4296-3517	
5817-6728-3808-7505	
2839-7439-8995-8707	
1062-4796-7607-7792	
7703-5389-2347-9165	
7362-5228-5652-4007	
6553-3712-1941-8502	
2917-5962-6410-5957	
7331-8671-3823-2579	
5006-2425-8760-1910	
8539-3312-3569-1604	
5907-3783-4810-1550	
2943-3093-4429-1136	
5618-7351-8462-1236	
2625-8447-9115-5027	
4109-6032-4637-6049	
6733-9562-1391-7464	
7688-9240-9863-8390	
8448-3938-6321-8553	
1519-1892-3678-3880	
8452-5059-5401-4354	
7620-3518-3240-9047	
1509-2836-2895-5275	
1366-2320-4913-4855	
1455-4085-8499-4176	
7508-4313-6297-1062	
2954-8466-6636-9159	
6927-3945-3524-3272	
5949-3761-3652-5304	
8837-7808-5876-5415	
9234-3951-7383-9314	
2796-2383-3310-5878	
4517-3213-3076-5306	
7860-6950-3526-6949	
3296-9013-6018-8958	
8483-2885-9676-2184	
3639-1475-2701-7514	
5462-7880-8553-5646	
6780-8052-9258-8710	
7691-7766-3079-7029	
3163-4387-9278-5410	
3454-2247-7787-7417	
7305-5385-6985-5927	
8277-1688-7143-9661	
9941-4262-6639-3709	
7488-4919-7031-5553	
5963-4728-4141-5454	
6011-6099-8497-5638	
7514-9390-2512-9658	
1193-8161-3494-4788	
5850-2523-9856-1787	
3694-4095-8256-3265	
3891-9764-9836-3370	
2363-4496-3060-5802	
5564-6393-4055-2056	
6796-6458-3855-5459	
6068-5085-7107-3823	
2519-2500-3742-9826	
1483-5036-6883-2055	
7827-7854-6161-8214	
2630-5068-6268-4018	
2704-1817-9357-4165	
9219-9757-9104-6758	
3958-4195-4819-2569	
6320-9789-8634-3034	
4666-4203-4649-1431	
4004-1537-8493-6236	
3546-1073-5481-9039	
1048-7188-4144-5602	
9170-1228-4920-7622	
9536-9961-1523-6983	
4953-1356-6749-8349	
5213-7048-4285-5052	
6915-6431-3134-7465	
7526-4940-5577-7879	
6064-3763-7071-2507	
8673-3393-7097-8464	
2170-1241-2854-6786	
5017-9119-4616-8504	
8308-2616-7457-2529	
8369-3088-6038-3866	
6376-6772-9900-2977	
7768-4044-2190-2773	
1124-8363-9642-9505	
8654-2437-6588-7826	
3099-4172-4479-6263	
8091-4364-3533-8674	
5618-4617-4586-5782	
1594-3347-2598-1259	
9699-7449-1087-9608	
2120-5107-4577-8208	
7124-3940-6076-5918	
6856-7457-4527-4892	
5620-6602-5760-7168	
8607-5912-4425-4457	
9289-8998-8403-8664	
8524-6323-2009-6054	
3502-9036-1610-4598	
4680-9770-3090-4140	
1268-9199-7797-3866	
7799-2770-8439-2940	
7342-3956-5243-8167	
8934-2228-5761-3440	
9318-5670-4707-1437	
7577-3674-8438-1191	
6494-4622-2454-8743	
4170-9197-2497-3540	
4837-9838-8666-3092	
3994-4228-6426-1132	
7013-9063-7527-7341	
9556-6556-2418-3351	
6609-4511-3427-9448	
7437-2604-7794-4930	
8290-6731-9640-4897	
2545-1181-4316-8514	
9910-4394-9037-6308	
2070-7577-1401-8644	
3068-9166-4952-2481	
5775-7059-1176-3239	
5728-1551-8043-6199	
5227-8023-7661-6050	
1044-4872-6734-3904	
4201-3008-9557-1121	
9851-5712-9078-9436	
6578-9346-7243-1197	
6010-8152-6241-5663	
2724-4906-7236-7413	
8088-2657-5396-4175	
5825-6297-6137-5113	
7558-2718-8390-4320	
9930-7715-8114-3205	
8773-8625-1297-3996	
8253-8889-6749-6563	
7740-9423-5198-5929	
7597-6121-7206-4487	
6496-3163-7986-6035	
8891-2710-2224-9368	
2716-6725-9871-4710	
7069-9445-8348-8798	
5937-8439-4366-2552	
3722-2921-4115-4253	
1346-5240-6392-1599	
2553-6696-1594-9667	
3826-5642-7242-9788	
2386-1375-1104-3275	
7228-7651-6162-6646	
4422-4688-8965-5003	
3230-3058-5110-5612	
2373-5719-7522-3997	
5332-3047-5624-5626	
9938-9235-6902-9145	
8557-2292-7886-3429	
2856-3238-4245-4400	
7523-2278-8665-1883	
8345-4636-2395-6048	
9585-7052-8697-9125	
6686-6212-9074-1086	
3365-6148-5784-9844	
7269-4090-2144-4279	
2281-8232-1576-3415	
6398-8768-8954-4218	
5629-8424-5722-1794	
3404-5048-6602-8660	
1439-4449-6455-7142	
2435-9338-8095-8491	
6438-8384-7453-1585	
8144-2820-7444-1427	
9313-2570-6691-1551	
7684-3824-8909-8333	
8058-3799-2885-6238	
1554-8950-8813-9758	
3748-8725-5906-5690	
2820-8248-5950-6022	
9855-3863-3195-3770	
9458-1118-4466-7091	
6421-2931-9323-6852	
1920-2229-6930-5224	
3936-6119-6979-8765	
6902-1130-6082-9644	
6909-8888-7340-8008	
7462-5101-3943-7506	
4886-5372-6178-9289	
7915-7707-1836-7934	
1638-1405-1640-5243	
1862-3617-3233-1119	
5448-5200-9789-9998	
6596-9408-3438-2440	
7790-2308-2806-6284	
5161-5063-1554-5217	
4746-6232-2473-6467	
1321-7650-7826-2861	
8634-4207-5429-9862	
6620-1761-7442-8019	
9831-2288-3707-7812	
2149-1776-4031-8238	
7806-4077-8584-7506	
6783-8202-5579-2863	
3828-8074-1032-7525	
8698-5138-2192-4218	
3844-7488-1116-2394	
8675-8914-7975-7209	
5781-2708-2551-6114	
7030-4559-2057-9434	
1518-7726-2148-9750	
4839-4415-7283-6435	
5915-6257-5177-8684	
6510-4958-4299-7783	
6056-3625-6726-5452	
3651-8363-6660-1258	
3121-2387-8103-5383	
8878-1472-1337-7106	
3290-7362-1444-9982	
6563-9055-7237-3503	
8957-1572-8539-9321	
2283-9925-8434-6131	
4568-4834-4062-2948	
6964-8154-9800-2854	
9203-5239-2525-4307	
7941-8578-8601-7251	
5029-6208-7360-2787	
8834-6991-3174-3556	
6658-6017-9664-8322	
3742-5016-3646-6026	
6197-5347-9565-5143	
7438-4772-3159-8028	
4919-7655-8260-4659	
6995-5345-2109-7318	
8442-9676-1618-7519	
1547-7291-5560-3543	
1361-6233-1889-8368	
4212-5390-4260-7764	
5951-9573-9557-9042	
8284-4111-3578-6105	
8504-1268-1813-6347	
1480-3879-4849-8643	
7628-4767-4694-2000	
6805-4637-3816-4568	
9138-5886-5869-5882	
4975-7855-6584-1970	
5683-3042-8594-4033	
8010-2303-3262-7544	
9110-7792-3119-6085	
4573-4659-8374-5642	
2505-4568-5552-4288	
7849-9545-2290-9888	
2621-2661-7230-3706	
5381-3750-4000-2367	
2824-7652-3503-1143	
4168-2983-2014-6101	
4124-1636-5357-3109	
1899-3439-5502-3595	
3061-5556-8242-7284	
9405-8102-1813-9972	
5353-3165-7724-9124	
2423-8246-4003-5829	
7766-2573-3142-5856	
6770-7849-9928-5827	
1414-2145-6483-6178	
6119-4868-6571-7774	
8869-4706-1627-9066	
3688-7361-2206-6774	
4019-8937-8509-8622	
8678-4365-1351-7805	
1882-1954-3677-4057	
5999-2079-6814-2874	
9917-2568-8680-6247	
5310-1812-3051-4480	
6602-1662-1613-6272	
9083-4445-2396-4740	
7763-8812-4073-5009	
2401-3547-9911-5027	
2764-5696-4288-2036	
7664-4389-6317-1972	
3855-9873-7593-9667	
7751-5079-4449-4882	
2413-9824-5392-8902	
5525-7930-5188-7498	
2567-7427-1778-5480	
8682-7612-5140-5635	
1910-1206-1876-6155	
7975-8272-4796-8660	
1118-3144-6974-7704	
4479-5881-4417-7477	
4316-9907-6105-2985	
4994-5030-8294-7056	
6162-8341-3825-6211	
9239-2374-8355-4426	
5122-4502-7401-9883	
6753-3838-6209-8115	
5097-1473-1271-3738	
1419-6164-1949-3840	
8576-7065-8298-2061	
9660-5909-7100-1475	
1394-8582-8641-1366	
2873-8107-6897-1208	
6294-5562-4112-1050	
2341-2265-8872-4543	
2878-5463-2446-2452	
7968-3042-8716-3400	
3685-9817-9508-9270	
7131-9477-4595-5197	
4956-9736-6009-4417	
2176-3401-2728-3765	
6471-9805-7469-6366	
4678-8143-5623-3660	
1040-7904-1253-4259	
6997-3090-5161-4583	
7680-5342-4979-8481	
5470-6780-4368-3964	
3730-4374-2615-1113	
2511-5853-3094-6778	
6663-4409-4135-5678	
8477-9751-6172-8701	
8871-2159-3568-6559	
6803-9867-2604-3818	
5749-9063-8158-8424	
3058-6200-2907-3460	
3188-3503-7665-1049	
3071-8829-6244-3421	
5537-1818-1436-8072	
7864-1935-2560-6647	
3696-3721-2195-7067	
8951-1267-2502-8398	
7067-5464-4721-5268	
3837-4484-8628-2746	
4160-3441-3977-5524	
4781-3269-3608-1319	
6107-2943-1666-6728	
5612-3876-4419-7127	
6836-9378-4013-7552	
7032-5579-4730-3836	
9249-5499-4156-8458	
2756-3477-7858-2553	
9621-5035-1534-7669	
2678-2425-2566-7424	
4097-5191-3023-9100	
6407-9468-5829-7106	
8358-3149-9403-8750	
1211-6420-3634-4534	
9369-4924-4427-3356	
8274-9191-5937-2471	
4288-9865-6110-2822	
4299-7034-5226-3723	
7554-8479-3754-2507	
2113-7557-5411-5618	
6243-4492-2153-5606	
6673-8785-6609-2370	
7893-2416-5111-7002	
3122-1996-4667-6904	
4406-4951-7414-6383	
9533-5761-3553-1700	
5811-8977-4373-5431	
2525-7711-4111-8604	
1094-5989-3071-6753	
1513-9629-2760-5491	
8613-7920-9124-1664	
7950-2628-9013-3973	
6494-3460-1648-3793	
1391-1223-7013-7623	
9393-6788-8634-2649	
5513-1506-9397-1097	
5107-2418-7345-9672	
9232-4683-3364-8774	
4578-1466-4638-8815	
4361-5454-3487-9296	
1350-9108-9627-3860	
2993-2728-4966-1887	
3234-5234-8812-8633	
3010-6132-4946-4795	
8789-1115-9029-4601	
4726-1803-1955-1740	
5985-8475-4003-7112	
3272-6799-3216-4314	
4459-4667-3289-6176	
1063-7627-4432-1840	
2740-5642-2122-9655	
5602-8777-8844-5099	
7804-6321-5686-7678	
1900-8863-4929-2584	
2378-9896-3793-5079	
3527-7159-2185-4824	
5379-5545-9138-3858	
9750-8131-7937-4721	
4079-3674-8184-8012	
8976-7973-7084-5169	
6309-5273-3211-2378	
7872-4036-5007-6886	
4559-5538-3051-7266	
7043-5195-4382-1714	
9212-3532-7874-9615	
2805-5527-8353-6872	
4514-2975-9859-2936	
6304-3579-1627-9699	
1216-8346-8760-6155	
7601-2244-3155-9563	
5033-3057-8045-9948	
9237-6879-7353-5891	
8112-5214-5922-4110	
2310-8587-5447-4708	
8727-1973-6907-9725	
4260-3354-3500-2436	
2090-8620-5362-2623	
4322-9075-6303-1237	
2203-7357-4069-5359	
8454-7348-8941-6166	
4063-1290-1657-8110	
3243-5501-7671-5482	
5920-2410-6448-2796	
1990-5797-3541-1117	
5200-3028-4240-7136	
8734-8681-5489-8633	
5979-7671-5613-4084	
9047-7771-6677-4223	
6991-1477-1826-2626	
7790-3878-4413-6765	
2029-4209-4951-1345	
2484-6782-3890-1444	
8555-8841-4439-4836	
6860-9634-1448-9576	
6910-7991-9796-1552	
2934-5104-5193-7088	
9691-3902-9131-6780	
3264-7809-6915-1833	
3682-5955-2954-5634	
8087-4656-3327-4302	
6248-6102-1532-5984	
6561-8417-3785-5549	
1673-1073-5662-6353	
2073-9575-9269-1487	
4257-8644-9807-2360	
7396-9247-7412-8143	
1037-6665-1151-1711	
